0,0.00532,0.00447,0.01174,440.50699,295.73139,9564.82831,214.503,5.66E-08,1.14E-07,3.63E-19,9.90E-11,2.10E-21,3.48E-11
0.08,0.09398,0.00531,0.01422,717.50442,515.93886,9540.04169,213.87439,5.67E-08,1.14E-07,7.33E-15,9.90E-11,3.10E-16,3.48E-11
0.16,0.18263,0.00594,0.01668,880.38859,2163.54409,9515.45882,213.25096,5.69E-08,1.14E-07,1.32E-13,9.90E-11,1.00E-14,3.48E-11
0.24,0.27126,0.00667,0.02003,1015.62879,61608.39446,9491.07663,212.63265,5.70E-08,1.14E-07,7.14E-13,9.90E-11,7.64E-14,3.48E-11
0.32,0.35988,0.0076,0.02452,1136.99768,3747.28997,9466.89209,212.0194,5.72E-08,1.14E-07,2.28E-12,9.90E-11,3.10E-13,3.48E-11
0.4,0.44848,0.00869,0.0301,1249.73189,2323.61061,9442.90209,211.41114,5.73E-08,1.14E-07,5.46E-12,9.90E-11,8.88E-13,3.48E-11
0.48,0.53704,0.00994,0.03679,1356.43966,2070.34148,9419.10352,210.80781,5.75E-08,1.14E-07,1.08E-11,9.90E-11,2.03E-12,3.48E-11
0.56,0.62557,0.01142,0.04454,1458.62306,1582.15304,9395.49323,210.20937,5.76E-08,1.14E-07,1.90E-11,9.90E-11,4.00E-12,3.48E-11
0.64,0.7141,0.01313,0.05328,1557.23082,856.12235,9372.06803,209.61573,5.78E-08,1.14E-07,3.03E-11,9.90E-11,7.05E-12,3.48E-11
0.72,0.80261,0.01505,0.0629,1652.9021,422.07926,9348.82471,209.02685,5.79E-08,1.14E-07,4.51E-11,9.90E-11,1.14E-11,3.48E-11
0.8,0.8911,0.01722,0.07325,1746.08857,246.29875,9325.76,208.44267,5.80E-08,5.03E-08,6.35E-11,6.66E-11,1.73E-11,2.22E-11
0.88,0.97959,0.01962,0.08422,1837.12141,184.57051,9302.87059,207.86311,5.82E-08,3.24E-08,8.56E-11,6.06E-11,2.49E-11,2.07E-11
0.96,1.06807,0.02224,0.09602,1926.2507,160.00255,9280.15314,207.28813,5.83E-08,2.56E-08,1.11E-10,6.27E-11,3.43E-11,2.24E-11
1.04,1.15653,0.0251,0.10873,2013.66987,150.62209,9257.60426,206.71765,5.85E-08,2.25E-08,1.41E-10,6.87E-11,4.57E-11,2.56E-11
1.12,1.24498,0.0281,0.12028,2099.5316,146.71894,9235.22046,206.15162,5.86E-08,1.97E-08,1.74E-10,7.56E-11,5.90E-11,2.94E-11
1.2,1.3334,0.03136,0.13344,2183.95839,148.44269,9212.99825,205.58997,5.87E-08,1.83E-08,2.10E-10,8.48E-11,7.43E-11,3.44E-11
1.28,1.42179,0.03478,0.14646,2267.05001,151.70489,9190.93403,205.03264,5.89E-08,1.73E-08,2.49E-10,9.49E-11,9.16E-11,4.00E-11
1.36,1.51018,0.03833,0.1597,2348.8887,156.10898,9169.02416,204.47957,5.90E-08,1.70E-08,2.91E-10,1.06E-10,1.11E-10,4.63E-11
1.44,1.59855,0.04203,0.17302,2429.54297,160.59283,9147.26492,203.9307,5.92E-08,1.62E-08,3.36E-10,1.17E-10,1.32E-10,5.26E-11
1.52,1.68691,0.04589,0.18628,2509.07039,164.62559,9125.6525,203.38595,5.93E-08,1.54E-08,3.83E-10,1.27E-10,1.55E-10,5.89E-11
1.6,1.77527,0.04983,0.19985,2587.51974,169.929,9104.18303,202.84527,5.94E-08,1.50E-08,4.32E-10,1.39E-10,1.80E-10,6.60E-11
1.68,1.86361,0.0539,0.21296,2664.93257,174.98884,9082.85251,202.30859,5.96E-08,1.45E-08,4.83E-10,1.50E-10,2.06E-10,7.30E-11
1.76,1.95195,0.05794,0.22616,2741.34444,180.13262,9061.65688,201.77585,5.97E-08,1.41E-08,5.35E-10,1.60E-10,2.34E-10,8.02E-11
1.84,2.04028,0.06207,0.23944,2816.78591,184.5227,9040.59194,201.24697,5.98E-08,1.36E-08,5.89E-10,1.70E-10,2.63E-10,8.70E-11
1.92,2.1286,0.06669,0.25256,2891.28325,186.24057,9019.65341,200.7219,6.00E-08,1.29E-08,6.44E-10,1.77E-10,2.94E-10,9.24E-11
2,2.21689,0.07089,0.26518,2964.85904,192.84975,8998.83688,200.20057,6.01E-08,1.26E-08,6.99E-10,1.88E-10,3.25E-10,1.00E-10
2.08,2.30516,0.07522,0.27792,3037.53268,197.55374,8978.13781,199.6829,6.02E-08,1.23E-08,7.56E-10,1.97E-10,3.58E-10,1.07E-10
2.16,2.39343,0.07969,0.29073,3109.3207,200.76009,8957.55153,199.16884,6.04E-08,1.19E-08,8.13E-10,2.04E-10,3.92E-10,1.13E-10
2.24,2.48169,0.08379,0.30294,3180.2371,207.27314,8937.07322,198.65831,6.05E-08,1.17E-08,8.70E-10,2.15E-10,4.26E-10,1.21E-10
2.32,2.56995,0.08813,0.31478,3250.29358,213.78106,8916.69792,198.15124,6.06E-08,1.16E-08,9.28E-10,2.26E-10,4.61E-10,1.29E-10
2.4,2.6582,0.09252,0.32642,3319.49973,218.38633,8896.42052,197.64757,6.08E-08,1.12E-08,9.85E-10,2.33E-10,4.97E-10,1.35E-10
2.48,2.74645,0.09684,0.33791,3387.86319,219.213,8876.23576,197.14722,6.09E-08,1.07E-08,1.04E-09,2.36E-10,5.34E-10,1.39E-10
2.56,2.83469,0.10117,0.34927,3455.38979,222.70469,8856.13819,196.65013,6.10E-08,1.03E-08,1.10E-09,2.42E-10,5.70E-10,1.44E-10
2.64,2.92293,0.10547,0.36037,3522.08361,227.40594,8836.12222,196.15622,6.11E-08,1.01E-08,1.16E-09,2.48E-10,6.08E-10,1.50E-10
2.72,3.01116,0.10974,0.37111,3587.94714,233.58517,8816.18207,195.66542,6.13E-08,9.96E-09,1.21E-09,2.56E-10,6.45E-10,1.57E-10
2.8,3.09936,0.11396,0.38171,3652.98131,235.53227,8796.31181,195.17766,6.14E-08,9.61E-09,1.27E-09,2.59E-10,6.83E-10,1.60E-10
2.88,3.18756,0.11816,0.3921,3717.18554,237.99304,8776.50531,194.69287,6.15E-08,9.32E-09,1.33E-09,2.62E-10,7.20E-10,1.64E-10
2.96,3.27576,0.12231,0.4021,3780.55789,244.11326,8756.75631,194.21097,6.16E-08,9.19E-09,1.38E-09,2.69E-10,7.58E-10,1.70E-10
3.04,3.36395,0.12643,0.4117,3843.09503,247.22162,8737.05836,193.73189,6.17E-08,8.94E-09,1.44E-09,2.72E-10,7.96E-10,1.74E-10
3.12,3.45215,0.13053,0.42123,3904.79233,249.29687,8717.40486,193.25555,6.19E-08,8.68E-09,1.49E-09,2.74E-10,8.34E-10,1.77E-10
3.2,3.54034,0.1349,0.43267,3965.64395,254.80268,8697.78907,192.78188,6.20E-08,8.87E-09,1.54E-09,2.81E-10,8.71E-10,1.83E-10
3.28,3.62854,0.13894,0.44305,4025.64287,259.84929,8678.20411,192.31081,6.21E-08,8.92E-09,1.60E-09,2.87E-10,9.08E-10,1.89E-10
3.36,3.71674,0.14258,0.45209,4084.78099,264.53209,8658.64295,191.84226,6.22E-08,8.78E-09,1.65E-09,2.91E-10,9.45E-10,1.93E-10
3.44,3.80493,0.14641,0.46047,4143.04916,267.10082,8639.09849,191.37615,6.23E-08,8.55E-09,1.70E-09,2.93E-10,9.82E-10,1.96E-10
3.52,3.89312,0.15027,0.46856,4200.43728,268.8562,8619.56352,190.91242,6.25E-08,8.31E-09,1.75E-09,2.93E-10,1.02E-09,1.98E-10
3.6,3.98128,0.15378,0.47687,4256.93442,272.24223,8600.03077,190.45097,6.26E-08,8.16E-09,1.80E-09,2.95E-10,1.05E-09,2.01E-10
3.68,4.06945,0.15731,0.4849,4312.52883,275.54268,8580.49291,189.99174,6.27E-08,8.05E-09,1.85E-09,2.98E-10,1.09E-09,2.04E-10
3.76,4.15762,0.16099,0.49224,4367.2081,279.13697,8560.94261,189.53465,6.28E-08,7.82E-09,1.89E-09,2.99E-10,1.13E-09,2.07E-10
3.84,4.24579,0.16452,0.49948,4420.95924,280.24168,8541.37253,189.07962,6.29E-08,7.35E-09,1.94E-09,2.97E-10,1.16E-09,2.07E-10
3.92,4.33396,0.16785,0.50662,4473.76876,277.93978,8521.77539,188.62659,6.30E-08,6.92E-09,1.98E-09,2.91E-10,1.19E-09,2.04E-10
4,4.42214,0.17111,0.51347,4525.62284,280.00068,8502.14396,188.17547,6.31E-08,6.76E-09,2.03E-09,2.90E-10,1.23E-09,2.05E-10
4.08,4.51032,0.1743,0.52002,4576.50735,286.0768,8482.47113,187.72619,6.32E-08,6.73E-09,2.07E-09,2.95E-10,1.26E-09,2.10E-10
4.16,4.59851,0.17742,0.52644,4626.40806,289.87644,8462.74992,187.27868,6.33E-08,6.64E-09,2.11E-09,2.97E-10,1.29E-09,2.13E-10
4.24,4.6867,0.18047,0.53273,4675.31072,291.81929,8442.97351,186.83286,6.34E-08,6.51E-09,2.15E-09,2.97E-10,1.32E-09,2.14E-10
4.32,4.77488,0.18348,0.53876,4723.20114,292.27174,8423.13532,186.38866,6.35E-08,6.34E-09,2.19E-09,2.95E-10,1.36E-09,2.14E-10
4.4,4.86304,0.18646,0.54452,4770.06538,291.29357,8403.22899,185.94602,6.36E-08,6.15E-09,2.23E-09,2.91E-10,1.39E-09,2.12E-10
4.48,4.95121,0.18938,0.55007,4815.88983,291.46894,8383.24846,185.50486,6.37E-08,6.01E-09,2.27E-09,2.89E-10,1.42E-09,2.12E-10
4.56,5.03939,0.19224,0.55532,4860.66133,293.63184,8363.18797,185.06512,6.38E-08,5.89E-09,2.30E-09,2.89E-10,1.44E-09,2.13E-10
4.64,5.12757,0.19504,0.56045,4904.3673,295.62341,8343.04214,184.62673,6.39E-08,5.81E-09,2.34E-09,2.89E-10,1.47E-09,2.14E-10
4.72,5.21576,0.19775,0.56544,4946.99583,297.2784,8322.80595,184.18964,6.40E-08,5.71E-09,2.37E-09,2.89E-10,1.50E-09,2.15E-10
4.8,5.30396,0.2004,0.57031,4988.53583,298.82,8302.47481,183.75377,6.41E-08,5.63E-09,2.41E-09,2.88E-10,1.53E-09,2.15E-10
4.88,5.39216,0.20282,0.57486,5028.97708,294.92995,8282.04458,183.31907,6.42E-08,5.43E-09,2.44E-09,2.82E-10,1.55E-09,2.11E-10
4.96,5.48036,0.20512,0.5792,5068.31036,289.21343,8261.51157,182.88549,6.43E-08,5.21E-09,2.47E-09,2.74E-10,1.58E-09,2.06E-10
5.04,5.56858,0.20736,0.58344,5106.52754,285.07435,8240.87263,182.45297,6.43E-08,5.03E-09,2.50E-09,2.68E-10,1.60E-09,2.03E-10
5.12,5.65677,0.20954,0.58752,5143.62167,287.1104,8220.12511,182.02147,6.44E-08,4.96E-09,2.53E-09,2.68E-10,1.63E-09,2.03E-10
5.2,5.74496,0.21167,0.5915,5179.58702,289.02428,8199.26689,181.59093,6.45E-08,4.91E-09,2.56E-09,2.67E-10,1.65E-09,2.04E-10
5.28,5.83316,0.21373,0.59537,5214.41919,290.08618,8178.29642,181.16132,6.46E-08,4.86E-09,2.59E-09,2.67E-10,1.67E-09,2.04E-10
5.36,5.92137,0.21573,0.59912,5248.11516,290.08176,8157.2127,180.73259,6.47E-08,4.79E-09,2.61E-09,2.65E-10,1.69E-09,2.03E-10
5.44,6.00958,0.21766,0.60275,5280.6733,290.06746,8136.0153,180.30471,6.47E-08,4.73E-09,2.64E-09,2.63E-10,1.72E-09,2.03E-10
5.52,6.09781,0.21954,0.60619,5312.09348,289.67263,8114.70438,179.87765,6.48E-08,4.66E-09,2.66E-09,2.61E-10,1.74E-09,2.02E-10
5.6,6.18603,0.22135,0.6094,5342.37703,288.72364,8093.28066,179.45137,6.49E-08,4.59E-09,2.68E-09,2.58E-10,1.75E-09,2.00E-10
5.68,6.27427,0.22311,0.61249,5371.52682,287.81892,8071.74543,179.02585,6.49E-08,4.52E-09,2.71E-09,2.56E-10,1.77E-09,1.99E-10
5.76,6.36251,0.22479,0.61547,5399.54722,286.95685,8050.10053,178.60107,6.50E-08,4.47E-09,2.73E-09,2.54E-10,1.79E-09,1.98E-10
5.84,6.45076,0.22627,0.61814,5426.44416,286.90538,8028.34836,178.177,6.51E-08,4.41E-09,2.75E-09,2.53E-10,1.81E-09,1.97E-10
5.92,6.53898,0.22768,0.62071,5452.22506,286.86216,8006.49185,177.75365,6.51E-08,4.35E-09,2.77E-09,2.51E-10,1.82E-09,1.97E-10
6,6.62722,0.22904,0.62318,5476.89886,286.81445,7984.53443,177.33098,6.52E-08,4.30E-09,2.78E-09,2.50E-10,1.84E-09,1.96E-10
6.08,6.71545,0.23035,0.62555,5500.47599,286.75624,7962.48002,176.90901,6.52E-08,4.26E-09,2.80E-09,2.48E-10,1.85E-09,1.95E-10
6.16,6.8037,0.23171,0.62779,5522.96829,286.39509,7940.33303,176.48771,6.53E-08,4.20E-09,2.82E-09,2.46E-10,1.87E-09,1.94E-10
6.24,6.89195,0.233,0.62994,5544.38904,286.04895,7918.09827,176.0671,6.54E-08,4.15E-09,2.83E-09,2.45E-10,1.88E-09,1.94E-10
6.32,6.98021,0.23424,0.632,5564.75286,285.71742,7895.78097,175.64717,6.54E-08,4.11E-09,2.85E-09,2.44E-10,1.90E-09,1.93E-10
6.4,7.06848,0.23542,0.63396,5584.07566,285.4001,7873.38674,175.22793,6.55E-08,4.06E-09,2.86E-09,2.43E-10,1.91E-09,1.92E-10
6.48,7.15675,0.23653,0.63581,5602.3746,285.12093,7850.92153,174.80938,6.55E-08,4.03E-09,2.88E-09,2.42E-10,1.92E-09,1.92E-10
6.56,7.24503,0.2375,0.63749,5619.66799,285.00718,7828.3916,174.39155,6.56E-08,3.99E-09,2.89E-09,2.41E-10,1.93E-09,1.91E-10
6.64,7.3333,0.23841,0.63908,5635.97525,284.89475,7805.80346,173.97443,6.56E-08,3.96E-09,2.90E-09,2.40E-10,1.94E-09,1.91E-10
6.72,7.42156,0.23928,0.64059,5651.31679,284.7837,7783.16388,173.55806,6.56E-08,3.92E-09,2.91E-09,2.38E-10,1.95E-09,1.90E-10
6.8,7.50982,0.2401,0.64202,5665.71397,284.67409,7760.47981,173.14244,6.57E-08,3.90E-09,2.92E-09,2.38E-10,1.96E-09,1.90E-10
6.88,7.59809,0.24087,0.64337,5679.18898,284.56591,7737.75837,172.7276,6.57E-08,3.87E-09,2.93E-09,2.37E-10,1.97E-09,1.89E-10
6.96,7.68637,0.24159,0.64464,5691.76477,284.45919,7715.00681,172.31356,6.58E-08,3.85E-09,2.94E-09,2.36E-10,1.98E-09,1.89E-10
7.04,7.77465,0.24227,0.64583,5703.46497,284.54657,7692.23247,171.90034,6.58E-08,3.83E-09,2.95E-09,2.36E-10,1.98E-09,1.89E-10
7.12,7.86294,0.2429,0.64694,5714.31375,285.04343,7669.44274,171.48798,6.58E-08,3.82E-09,2.96E-09,2.36E-10,1.99E-09,1.89E-10
7.2,7.95123,0.2435,0.64797,5724.3358,285.49246,7646.64504,171.07649,6.59E-08,3.80E-09,2.97E-09,2.36E-10,2.00E-09,1.89E-10
7.28,8.03953,0.24405,0.64894,5733.55619,285.89575,7623.84679,170.66591,6.59E-08,3.79E-09,2.98E-09,2.36E-10,2.00E-09,1.89E-10
7.36,8.12783,0.24456,0.64984,5742.00029,286.25533,7601.05537,170.25626,6.59E-08,3.78E-09,2.98E-09,2.36E-10,2.01E-09,1.89E-10
7.44,8.21611,0.24503,0.65068,5749.69368,286.57311,7578.2781,169.84758,6.60E-08,3.77E-09,2.99E-09,2.36E-10,2.01E-09,1.90E-10
7.52,8.30438,0.24547,0.65146,5756.66208,286.85096,7555.52221,169.4399,6.60E-08,3.76E-09,2.99E-09,2.36E-10,2.02E-09,1.90E-10
7.6,8.39266,0.24587,0.65219,5762.93126,287.09063,7532.79482,169.03325,6.60E-08,3.76E-09,3.00E-09,2.36E-10,2.02E-09,1.90E-10
7.68,8.48095,0.24623,0.65286,5768.52696,287.29383,7510.1029,168.62766,6.61E-08,3.76E-09,3.00E-09,2.36E-10,2.03E-09,1.90E-10
7.76,8.56923,0.24657,0.65347,5773.47478,287.46217,7487.4533,168.22316,6.61E-08,3.76E-09,3.01E-09,2.36E-10,2.03E-09,1.90E-10
7.84,8.65752,0.24687,0.65403,5777.80018,287.59723,7464.85266,167.81978,6.61E-08,3.77E-09,3.01E-09,2.37E-10,2.03E-09,1.90E-10
7.92,8.74582,0.24714,0.65455,5781.52836,287.7005,7442.30746,167.41757,6.61E-08,3.77E-09,3.02E-09,2.37E-10,2.04E-09,1.91E-10
8,8.83411,0.24738,0.65501,5784.68419,287.7734,7419.82398,167.01654,6.62E-08,3.77E-09,3.02E-09,2.37E-10,2.04E-09,1.91E-10
8.08,8.92241,0.24759,0.65544,5787.29221,287.81732,7397.40828,166.61674,6.62E-08,3.78E-09,3.02E-09,2.37E-10,2.04E-09,1.91E-10
8.16,9.0107,0.24778,0.65582,5789.37652,287.83357,7375.0662,166.21819,6.62E-08,3.78E-09,3.02E-09,2.38E-10,2.04E-09,1.91E-10
8.24,9.09897,0.24794,0.65616,5790.96074,287.82342,7352.80334,165.82093,6.62E-08,3.78E-09,3.03E-09,2.38E-10,2.04E-09,1.91E-10
8.32,9.18724,0.24807,0.65646,5792.068,287.78808,7330.62509,165.42498,6.63E-08,3.79E-09,3.03E-09,2.38E-10,2.05E-09,1.91E-10
8.4,9.27551,0.24819,0.65673,5792.72088,287.72872,7308.53659,165.03038,6.63E-08,3.79E-09,3.03E-09,2.38E-10,2.05E-09,1.92E-10
8.48,9.36377,0.24828,0.65696,5792.94137,287.64644,7286.54274,164.63716,6.63E-08,3.79E-09,3.03E-09,2.39E-10,2.05E-09,1.92E-10
8.56,9.45204,0.24835,0.65716,5792.75086,287.54232,7264.64818,164.24534,6.63E-08,3.80E-09,3.03E-09,2.39E-10,2.05E-09,1.92E-10
8.64,9.54031,0.2484,0.65733,5792.17011,287.41737,7242.85734,163.85496,6.63E-08,3.80E-09,3.03E-09,2.39E-10,2.05E-09,1.92E-10
8.72,9.62858,0.24844,0.65747,5791.21923,287.27259,7221.17439,163.46604,6.64E-08,3.81E-09,3.03E-09,2.39E-10,2.05E-09,1.92E-10
8.8,9.71685,0.24845,0.65758,5789.91767,287.1089,7199.60325,163.07861,6.64E-08,3.81E-09,3.03E-09,2.40E-10,2.05E-09,1.92E-10
8.88,9.80512,0.24845,0.65767,5788.2842,286.9272,7178.14763,162.69269,6.64E-08,3.82E-09,3.03E-09,2.40E-10,2.05E-09,1.92E-10
8.96,9.89337,0.24844,0.65774,5786.33692,286.72835,7156.81099,162.30831,6.64E-08,3.82E-09,3.03E-09,2.40E-10,2.05E-09,1.93E-10
9.04,9.9816,0.24841,0.65778,5784.09323,286.51318,7135.59657,161.9255,6.64E-08,3.83E-09,3.03E-09,2.40E-10,2.05E-09,1.93E-10
9.12,10.06983,0.24837,0.6578,5781.56987,286.28247,7114.50738,161.54427,6.65E-08,3.84E-09,3.03E-09,2.41E-10,2.05E-09,1.93E-10
9.2,10.15805,0.24831,0.6578,5778.78289,286.03697,7093.54623,161.16466,6.65E-08,3.85E-09,3.03E-09,2.41E-10,2.05E-09,1.93E-10
9.28,10.24628,0.24824,0.65778,5775.74768,285.77739,7072.71571,160.78668,6.65E-08,3.85E-09,3.03E-09,2.41E-10,2.04E-09,1.93E-10
9.36,10.3345,0.24816,0.65775,5772.47895,285.50443,7052.01821,160.41035,6.65E-08,3.86E-09,3.03E-09,2.41E-10,2.04E-09,1.93E-10
9.44,10.42272,0.24807,0.6577,5768.99078,285.21874,7031.45592,160.03569,6.65E-08,3.87E-09,3.03E-09,2.42E-10,2.04E-09,1.93E-10
9.52,10.51093,0.24797,0.65764,5765.2966,284.92094,7011.03084,159.66273,6.66E-08,3.88E-09,3.03E-09,2.42E-10,2.04E-09,1.93E-10
9.6,10.59914,0.24786,0.65756,5761.4092,284.61162,6990.74481,159.29147,6.66E-08,3.89E-09,3.02E-09,2.42E-10,2.04E-09,1.93E-10
9.68,10.68735,0.24775,0.65747,5757.34079,284.29137,6970.59946,158.92194,6.66E-08,3.90E-09,3.02E-09,2.42E-10,2.04E-09,1.93E-10
9.76,10.77552,0.24762,0.65737,5753.10296,283.96071,6950.59627,158.55416,6.66E-08,3.91E-09,3.02E-09,2.43E-10,2.04E-09,1.93E-10
9.84,10.86369,0.24749,0.65726,5748.70677,283.62016,6930.73658,158.18813,6.66E-08,3.93E-09,3.02E-09,2.43E-10,2.03E-09,1.93E-10
9.92,10.95184,0.24735,0.65714,5744.16267,283.27023,6911.02154,157.82388,6.67E-08,3.94E-09,3.02E-09,2.43E-10,2.03E-09,1.93E-10
10,11.04,0.2472,0.65701,5739.48061,282.91137,6891.45219,157.46141,6.67E-08,3.95E-09,3.01E-09,2.43E-10,2.03E-09,1.94E-10
10.08,11.12814,0.24705,0.65687,5734.67002,282.54403,6872.02941,157.10075,6.67E-08,3.97E-09,3.01E-09,2.43E-10,2.03E-09,1.94E-10
10.16,11.21628,0.2469,0.65672,5729.73982,282.16865,6852.75396,156.74189,6.67E-08,3.98E-09,3.01E-09,2.43E-10,2.03E-09,1.94E-10
10.24,11.30442,0.24674,0.65657,5724.69847,281.78563,6833.62645,156.38486,6.67E-08,3.99E-09,3.01E-09,2.43E-10,2.02E-09,1.94E-10
10.32,11.39255,0.24657,0.65641,5719.55397,281.39535,6814.64742,156.02966,6.68E-08,4.00E-09,3.01E-09,2.43E-10,2.02E-09,1.94E-10
10.4,11.48067,0.2464,0.65625,5714.31388,280.99818,6795.81724,155.6763,6.68E-08,4.02E-09,3.00E-09,2.44E-10,2.02E-09,1.94E-10
10.48,11.56878,0.24623,0.65608,5708.98534,280.59447,6777.13622,155.32479,6.68E-08,4.03E-09,3.00E-09,2.44E-10,2.02E-09,1.94E-10
10.56,11.65686,0.24605,0.65591,5703.57511,280.18456,6758.60456,154.97514,6.68E-08,4.04E-09,3.00E-09,2.44E-10,2.01E-09,1.93E-10
10.64,11.74492,0.24587,0.65573,5698.08954,279.87348,6740.22236,154.62736,6.68E-08,4.05E-09,3.00E-09,2.44E-10,2.01E-09,1.94E-10
10.72,11.83298,0.24569,0.65554,5692.53466,279.75698,6721.98962,154.28145,6.69E-08,4.07E-09,2.99E-09,2.44E-10,2.01E-09,1.94E-10
10.8,11.92103,0.2455,0.65535,5686.91612,279.63932,6703.90627,153.93742,6.69E-08,4.08E-09,2.99E-09,2.45E-10,2.01E-09,1.94E-10
10.88,12.00907,0.24532,0.65515,5681.23928,279.52051,6685.97216,153.59527,6.69E-08,4.10E-09,2.99E-09,2.45E-10,2.00E-09,1.94E-10
10.96,12.0971,0.24513,0.65496,5675.50916,279.40054,6668.18707,153.25501,6.69E-08,4.12E-09,2.99E-09,2.46E-10,2.00E-09,1.95E-10
11.04,12.18513,0.24494,0.65476,5669.73053,279.27944,6650.5507,152.91665,6.70E-08,4.13E-09,2.98E-09,2.46E-10,2.00E-09,1.95E-10
11.12,12.27314,0.24475,0.65456,5663.90783,279.15721,6633.0627,152.58017,6.70E-08,4.15E-09,2.98E-09,2.47E-10,2.00E-09,1.95E-10
11.2,12.36115,0.24455,0.65435,5658.04529,279.03386,6615.72263,152.2456,6.70E-08,4.16E-09,2.98E-09,2.47E-10,1.99E-09,1.95E-10
11.28,12.44914,0.24436,0.65415,5652.14687,278.9094,6598.53003,151.91292,6.70E-08,4.18E-09,2.98E-09,2.48E-10,1.99E-09,1.96E-10
11.36,12.5371,0.24416,0.65395,5646.21629,278.78384,6581.48436,151.58215,6.70E-08,4.19E-09,2.97E-09,2.48E-10,1.99E-09,1.96E-10
11.44,12.62504,0.24397,0.65375,5640.25707,278.6572,6564.58504,151.25327,6.71E-08,4.21E-09,2.97E-09,2.49E-10,1.99E-09,1.96E-10
11.52,12.71297,0.24377,0.65354,5634.27252,278.52949,6547.83144,150.9263,6.71E-08,4.23E-09,2.97E-09,2.49E-10,1.98E-09,1.96E-10
11.6,12.80089,0.24358,0.65334,5628.26573,278.40072,6531.22289,150.60123,6.71E-08,4.25E-09,2.97E-09,2.50E-10,1.98E-09,1.97E-10
11.68,12.88881,0.24338,0.65314,5622.23965,278.27092,6514.75868,150.27805,6.71E-08,4.27E-09,2.96E-09,2.50E-10,1.98E-09,1.97E-10
11.76,12.97671,0.24318,0.65293,5616.19701,278.1401,6498.43806,149.95678,6.72E-08,4.29E-09,2.96E-09,2.51E-10,1.98E-09,1.97E-10
11.84,13.0646,0.24298,0.65273,5610.14041,278.00827,6482.26025,149.6374,6.72E-08,4.31E-09,2.96E-09,2.52E-10,1.97E-09,1.98E-10
11.92,13.15247,0.24279,0.65253,5604.07228,277.87546,6466.22443,149.31992,6.72E-08,4.33E-09,2.95E-09,2.52E-10,1.97E-09,1.98E-10
12,13.24034,0.24258,0.65232,5597.99492,277.76173,6450.32975,149.00433,6.72E-08,4.35E-09,2.95E-09,2.53E-10,1.97E-09,1.98E-10
12.08,13.32819,0.24234,0.65209,5591.91048,277.68794,6434.57534,148.69063,6.73E-08,4.37E-09,2.95E-09,2.54E-10,1.96E-09,1.99E-10
12.16,13.41601,0.24211,0.65186,5585.82099,277.61341,6418.96031,148.37881,6.73E-08,4.39E-09,2.95E-09,2.54E-10,1.96E-09,1.99E-10
12.24,13.50381,0.24188,0.65163,5579.72836,277.53813,6403.48372,148.06888,6.73E-08,4.41E-09,2.94E-09,2.55E-10,1.96E-09,1.99E-10
12.32,13.5916,0.24165,0.6514,5573.63438,277.4621,6388.14465,147.76082,6.73E-08,4.43E-09,2.94E-09,2.56E-10,1.96E-09,2.00E-10
12.4,13.67938,0.24142,0.65117,5567.54075,277.38533,6372.94212,147.45463,6.74E-08,4.45E-09,2.94E-09,2.56E-10,1.95E-09,2.00E-10
12.48,13.76714,0.24118,0.65094,5561.44904,277.30782,6357.87516,147.15031,6.74E-08,4.47E-09,2.93E-09,2.57E-10,1.95E-09,2.00E-10
12.56,13.85489,0.24095,0.65072,5555.36076,277.22957,6342.94276,146.84784,6.74E-08,4.49E-09,2.93E-09,2.58E-10,1.95E-09,2.01E-10
12.64,13.94263,0.24073,0.6505,5549.27731,277.15059,6328.14392,146.54723,6.74E-08,4.51E-09,2.93E-09,2.58E-10,1.95E-09,2.01E-10
12.72,14.03035,0.2405,0.65028,5543.20002,277.07088,6313.47761,146.24847,6.75E-08,4.53E-09,2.93E-09,2.59E-10,1.94E-09,2.02E-10
12.8,14.11807,0.24027,0.65006,5537.13013,276.99045,6298.94279,145.95156,6.75E-08,4.55E-09,2.92E-09,2.60E-10,1.94E-09,2.02E-10
12.88,14.20577,0.24004,0.64984,5531.06881,276.90931,6284.53843,145.65647,6.75E-08,4.57E-09,2.92E-09,2.61E-10,1.94E-09,2.02E-10
12.96,14.29344,0.23982,0.64963,5525.01716,276.82746,6270.26345,145.36322,6.76E-08,4.60E-09,2.92E-09,2.61E-10,1.93E-09,2.03E-10
13.04,14.38108,0.23959,0.64942,5518.97623,276.74492,6256.11681,145.07178,6.76E-08,4.62E-09,2.91E-09,2.62E-10,1.93E-09,2.03E-10
13.12,14.46871,0.23937,0.64921,5512.94698,276.66169,6242.09741,144.78216,6.76E-08,4.65E-09,2.91E-09,2.63E-10,1.93E-09,2.04E-10
13.2,14.55632,0.23914,0.649,5506.93033,276.57777,6228.2042,144.49434,6.76E-08,4.67E-09,2.91E-09,2.63E-10,1.93E-09,2.04E-10
13.28,14.64393,0.23892,0.6488,5500.92715,276.49319,6214.43608,144.20832,6.77E-08,4.69E-09,2.91E-09,2.64E-10,1.92E-09,2.04E-10
13.36,14.73152,0.23873,0.64859,5494.93824,276.34108,6200.79197,143.92409,6.77E-08,4.71E-09,2.90E-09,2.65E-10,1.92E-09,2.05E-10
13.44,14.81909,0.23854,0.64838,5488.96438,276.17611,6187.27077,143.64164,6.77E-08,4.73E-09,2.90E-09,2.65E-10,1.92E-09,2.05E-10
13.52,14.90665,0.23835,0.64818,5483.00627,276.01055,6173.8714,143.36095,6.77E-08,4.75E-09,2.90E-09,2.66E-10,1.92E-09,2.05E-10
13.6,14.9942,0.23816,0.64798,5477.0646,275.84442,6160.59277,143.08203,6.78E-08,4.77E-09,2.90E-09,2.66E-10,1.91E-09,2.05E-10
13.68,15.08173,0.23798,0.64778,5471.13998,275.67773,6147.43375,142.80486,6.78E-08,4.79E-09,2.89E-09,2.67E-10,1.91E-09,2.06E-10
13.76,15.16925,0.23779,0.64758,5465.23303,275.51051,6134.39328,142.52944,6.78E-08,4.81E-09,2.89E-09,2.67E-10,1.91E-09,2.06E-10
13.84,15.25672,0.23761,0.64739,5459.34429,275.34278,6121.47025,142.25575,6.79E-08,4.83E-09,2.89E-09,2.68E-10,1.90E-09,2.06E-10
13.92,15.34418,0.23742,0.6472,5453.47429,275.17455,6108.66357,141.98378,6.79E-08,4.85E-09,2.88E-09,2.69E-10,1.90E-09,2.06E-10
14,15.43163,0.23724,0.64701,5447.62353,275.00585,6095.97215,141.71353,6.79E-08,4.87E-09,2.88E-09,2.69E-10,1.90E-09,2.07E-10
14.08,15.51906,0.23706,0.64683,5441.79245,274.83669,6083.39488,141.44498,6.80E-08,4.88E-09,2.88E-09,2.70E-10,1.90E-09,2.07E-10
14.16,15.60648,0.23688,0.64664,5435.9815,274.6671,6070.9307,141.17813,6.80E-08,4.90E-09,2.88E-09,2.70E-10,1.89E-09,2.07E-10
14.24,15.69388,0.23671,0.64646,5430.19108,274.49708,6058.5785,140.91296,6.80E-08,4.92E-09,2.87E-09,2.71E-10,1.89E-09,2.08E-10
14.32,15.78127,0.23653,0.64629,5424.42157,274.32667,6046.33721,140.64946,6.80E-08,4.94E-09,2.87E-09,2.72E-10,1.89E-09,2.08E-10
14.4,15.86864,0.23635,0.64611,5418.67331,274.15587,6034.20575,140.38763,6.81E-08,4.96E-09,2.87E-09,2.72E-10,1.89E-09,2.08E-10
14.48,15.956,0.23618,0.64594,5412.94665,273.98471,6022.18304,140.12745,6.81E-08,4.98E-09,2.87E-09,2.73E-10,1.88E-09,2.09E-10
14.56,16.04335,0.23601,0.64577,5407.24188,273.8132,6010.26802,139.86891,6.81E-08,5.00E-09,2.86E-09,2.74E-10,1.88E-09,2.09E-10
14.64,16.13067,0.23584,0.6456,5401.55929,273.64136,5998.45957,139.612,6.82E-08,5.02E-09,2.86E-09,2.74E-10,1.88E-09,2.09E-10
14.72,16.21796,0.23564,0.6454,5395.89915,273.58399,5986.75622,139.35671,6.82E-08,5.04E-09,2.86E-09,2.75E-10,1.88E-09,2.10E-10
14.8,16.30523,0.23544,0.64519,5390.26168,273.5696,5975.15657,139.103,6.82E-08,5.06E-09,2.86E-09,2.76E-10,1.87E-09,2.10E-10
14.88,16.39249,0.23524,0.64499,5384.64706,273.5546,5963.65958,138.85088,6.83E-08,5.08E-09,2.85E-09,2.76E-10,1.87E-09,2.11E-10
14.96,16.47973,0.23504,0.64478,5379.05547,273.53899,5952.26424,138.60033,6.83E-08,5.10E-09,2.85E-09,2.77E-10,1.87E-09,2.11E-10
15.04,16.56696,0.23484,0.64459,5373.48706,273.52278,5940.9695,138.35133,6.83E-08,5.13E-09,2.85E-09,2.78E-10,1.87E-09,2.11E-10
15.12,16.65417,0.23464,0.64439,5367.942,273.50597,5929.77436,138.10389,6.84E-08,5.15E-09,2.85E-09,2.79E-10,1.86E-09,2.12E-10
15.2,16.74137,0.23445,0.64419,5362.42042,273.48857,5918.67781,137.85798,6.84E-08,5.17E-09,2.84E-09,2.79E-10,1.86E-09,2.12E-10
15.28,16.82855,0.23425,0.644,5356.92244,273.47059,5907.67883,137.6136,6.84E-08,5.19E-09,2.84E-09,2.80E-10,1.86E-09,2.12E-10
15.36,16.91572,0.23406,0.64381,5351.44819,273.45204,5896.77642,137.37074,6.84E-08,5.22E-09,2.84E-09,2.81E-10,1.86E-09,2.13E-10
15.44,17.00287,0.23387,0.64363,5345.99778,273.43291,5885.9696,137.12938,6.85E-08,5.24E-09,2.84E-09,2.81E-10,1.85E-09,2.13E-10
15.52,17.09001,0.23368,0.64344,5340.5713,273.41321,5875.25738,136.88952,6.85E-08,5.26E-09,2.83E-09,2.82E-10,1.85E-09,2.13E-10
15.6,17.1771,0.23349,0.64326,5335.16883,273.39296,5864.63878,136.65114,6.85E-08,5.29E-09,2.83E-09,2.83E-10,1.85E-09,2.14E-10
15.68,17.26419,0.23331,0.64308,5329.79047,273.37216,5854.11281,136.41423,6.86E-08,5.32E-09,2.83E-09,2.83E-10,1.85E-09,2.14E-10
15.76,17.35125,0.23312,0.64291,5324.43628,273.35081,5843.67854,136.17879,6.86E-08,5.34E-09,2.83E-09,2.84E-10,1.84E-09,2.14E-10
15.84,17.4383,0.23294,0.64274,5319.10633,273.32892,5833.33499,135.94479,6.86E-08,5.37E-09,2.82E-09,2.84E-10,1.84E-09,2.15E-10
15.92,17.52534,0.23275,0.64257,5313.80066,273.3065,5823.08122,135.71224,6.87E-08,5.40E-09,2.82E-09,2.85E-10,1.84E-09,2.15E-10
16,17.61236,0.23257,0.6424,5308.51932,273.28355,5812.91629,135.48111,6.87E-08,5.42E-09,2.82E-09,2.86E-10,1.84E-09,2.15E-10
16.08,17.69937,0.23239,0.64223,5303.26235,273.26008,5802.83927,135.2514,6.87E-08,5.45E-09,2.82E-09,2.86E-10,1.84E-09,2.16E-10
16.16,17.78636,0.23221,0.64205,5298.02978,273.1788,5792.84923,135.0231,6.88E-08,5.47E-09,2.81E-09,2.87E-10,1.83E-09,2.16E-10
16.24,17.87334,0.23203,0.64186,5292.82164,273.00264,5782.94526,134.79619,6.88E-08,5.49E-09,2.81E-09,2.87E-10,1.83E-09,2.16E-10
16.32,17.9603,0.23186,0.64166,5287.63793,272.82637,5773.12644,134.57066,6.88E-08,5.51E-09,2.81E-09,2.88E-10,1.83E-09,2.16E-10
16.4,18.04725,0.23168,0.64147,5282.47868,272.65001,5763.39188,134.34652,6.89E-08,5.53E-09,2.81E-09,2.88E-10,1.83E-09,2.17E-10
16.48,18.13416,0.23151,0.64128,5277.34387,272.47356,5753.74068,134.12373,6.89E-08,5.55E-09,2.80E-09,2.89E-10,1.82E-09,2.17E-10
16.56,18.22105,0.23134,0.64109,5272.23352,272.29704,5744.17197,133.9023,6.89E-08,5.57E-09,2.80E-09,2.89E-10,1.82E-09,2.17E-10
16.64,18.30793,0.23117,0.64091,5267.14761,272.12045,5734.68486,133.6822,6.90E-08,5.59E-09,2.80E-09,2.90E-10,1.82E-09,2.17E-10
16.72,18.3948,0.231,0.64073,5262.08613,271.94381,5725.27848,133.46344,6.90E-08,5.61E-09,2.80E-09,2.90E-10,1.82E-09,2.18E-10
16.8,18.48164,0.23083,0.64055,5257.04906,271.76712,5715.95199,133.246,6.90E-08,5.63E-09,2.79E-09,2.90E-10,1.81E-09,2.18E-10
16.88,18.56848,0.23066,0.64037,5252.03638,271.5904,5706.70452,133.02986,6.91E-08,5.65E-09,2.79E-09,2.91E-10,1.81E-09,2.18E-10
16.96,18.65529,0.2305,0.6402,5247.04805,271.41364,5697.53524,132.81503,6.91E-08,5.67E-09,2.79E-09,2.91E-10,1.81E-09,2.18E-10
17.04,18.7421,0.23033,0.64003,5242.08404,271.23687,5688.44331,132.60148,6.91E-08,5.69E-09,2.79E-09,2.92E-10,1.81E-09,2.18E-10
17.12,18.82889,0.23017,0.63986,5237.14432,271.06009,5679.4279,132.38921,6.92E-08,5.71E-09,2.79E-09,2.92E-10,1.81E-09,2.19E-10
17.2,18.91566,0.23001,0.63969,5232.22884,270.88331,5670.48821,132.1782,6.92E-08,5.73E-09,2.78E-09,2.93E-10,1.80E-09,2.19E-10
17.28,19.00242,0.22985,0.63953,5227.33755,270.70653,5661.62342,131.96845,6.92E-08,5.75E-09,2.78E-09,2.93E-10,1.80E-09,2.19E-10
17.36,19.08917,0.22969,0.63937,5222.47041,270.52977,5652.83272,131.75995,6.93E-08,5.77E-09,2.78E-09,2.94E-10,1.80E-09,2.19E-10
17.44,19.17587,0.22953,0.63921,5217.62736,270.35304,5644.11533,131.55268,6.93E-08,5.78E-09,2.78E-09,2.94E-10,1.80E-09,2.19E-10
17.52,19.26257,0.22937,0.63905,5212.80834,270.17633,5635.47047,131.34664,6.93E-08,5.80E-09,2.77E-09,2.95E-10,1.79E-09,2.20E-10
17.6,19.34924,0.22922,0.63889,5208.01329,269.99966,5626.89736,131.14181,6.94E-08,5.82E-09,2.77E-09,2.95E-10,1.79E-09,2.20E-10
17.68,19.43591,0.22906,0.63874,5203.24215,269.82303,5618.39522,130.93819,6.94E-08,5.84E-09,2.77E-09,2.95E-10,1.79E-09,2.20E-10
17.76,19.52256,0.22891,0.63859,5198.49485,269.57459,5609.96331,130.73576,6.94E-08,5.86E-09,2.77E-09,2.96E-10,1.79E-09,2.20E-10
17.84,19.60919,0.22876,0.63844,5193.77131,269.17225,5601.60087,130.53451,6.95E-08,5.87E-09,2.77E-09,2.96E-10,1.79E-09,2.20E-10
17.92,19.69581,0.22861,0.6383,5189.07148,268.7707,5593.30715,130.33444,6.95E-08,5.89E-09,2.76E-09,2.96E-10,1.78E-09,2.20E-10
18,19.78241,0.22846,0.63815,5184.39526,268.36993,5585.08143,130.13554,6.95E-08,5.90E-09,2.76E-09,2.96E-10,1.78E-09,2.20E-10
18.08,19.86901,0.22831,0.63801,5179.74259,267.96997,5576.92297,129.93778,6.96E-08,5.92E-09,2.76E-09,2.96E-10,1.78E-09,2.20E-10
18.16,19.95558,0.22817,0.63787,5175.11337,267.57081,5568.83106,129.74118,6.96E-08,5.93E-09,2.76E-09,2.96E-10,1.78E-09,2.20E-10
18.24,20.04215,0.22802,0.63774,5170.50754,267.17246,5560.80498,129.5457,6.96E-08,5.94E-09,2.76E-09,2.96E-10,1.78E-09,2.20E-10
18.32,20.12869,0.22788,0.6376,5165.925,266.77494,5552.84403,129.35136,6.97E-08,5.96E-09,2.75E-09,2.96E-10,1.77E-09,2.20E-10
18.4,20.21521,0.22773,0.63747,5161.36567,266.37825,5544.94753,129.15812,6.97E-08,5.97E-09,2.75E-09,2.96E-10,1.77E-09,2.20E-10
18.48,20.30171,0.22759,0.63734,5156.82945,265.98241,5537.11477,128.966,6.97E-08,5.98E-09,2.75E-09,2.97E-10,1.77E-09,2.20E-10
18.56,20.38819,0.22745,0.63721,5152.31626,265.5874,5529.34508,128.77497,6.98E-08,6.00E-09,2.75E-09,2.97E-10,1.77E-09,2.20E-10
18.64,20.47466,0.22731,0.63709,5147.826,265.19325,5521.63779,128.58503,6.98E-08,6.01E-09,2.74E-09,2.97E-10,1.77E-09,2.20E-10
18.72,20.56112,0.22717,0.63696,5143.35859,264.79996,5513.99224,128.39616,6.98E-08,6.02E-09,2.74E-09,2.97E-10,1.76E-09,2.20E-10
18.8,20.64756,0.22703,0.63684,5138.91392,264.40754,5506.40776,128.20837,6.99E-08,6.04E-09,2.74E-09,2.97E-10,1.76E-09,2.19E-10
18.88,20.73399,0.2269,0.63672,5134.4919,264.01599,5498.88371,128.02163,6.99E-08,5.94E-09,2.74E-09,2.95E-10,1.76E-09,2.18E-10
18.96,20.8204,0.22676,0.6366,5130.09243,263.62531,5491.41944,127.83594,6.99E-08,5.33E-09,2.74E-09,2.81E-10,1.76E-09,2.11E-10
19.04,20.9068,0.22663,0.63649,5125.7154,263.23552,5484.01433,127.6513,7.00E-08,4.95E-09,2.74E-09,2.72E-10,1.76E-09,2.05E-10
19.12,20.99319,0.22649,0.63637,5121.36073,262.84662,5476.66774,127.46769,7.00E-08,4.87E-09,2.73E-09,2.67E-10,1.75E-09,2.02E-10
19.2,21.07957,0.22636,0.63626,5117.0283,262.45861,5469.37905,127.2851,7.01E-08,5.13E-09,2.73E-09,2.66E-10,1.75E-09,2.02E-10
19.28,21.16593,0.22623,0.63615,5112.71802,262.07149,5462.14765,127.10352,7.01E-08,5.72E-09,2.73E-09,2.71E-10,1.75E-09,2.05E-10
19.36,21.25226,0.2261,0.63605,5108.42978,261.68529,5454.97294,126.92295,7.01E-08,6.56E-09,2.73E-09,2.81E-10,1.75E-09,2.10E-10
19.44,21.33857,0.22597,0.63594,5104.16347,261.29998,5447.85431,126.74338,7.02E-08,7.59E-09,2.73E-09,2.96E-10,1.75E-09,2.18E-10
19.52,21.42487,0.22584,0.63584,5099.91899,260.9302,5440.79118,126.5648,7.02E-08,8.75E-09,2.72E-09,3.15E-10,1.75E-09,2.29E-10
19.6,21.51116,0.22572,0.63573,5095.69624,261.30896,5433.78295,126.38719,7.02E-08,9.52E-09,2.72E-09,3.29E-10,1.74E-09,2.37E-10
19.68,21.59743,0.22559,0.63563,5091.4951,261.68596,5426.82905,126.21056,7.03E-08,1.02E-08,2.72E-09,3.43E-10,1.74E-09,2.45E-10
19.76,21.68369,0.22547,0.63552,5087.31547,262.06121,5419.92892,126.03489,7.03E-08,1.08E-08,2.72E-09,3.55E-10,1.74E-09,2.52E-10
19.84,21.76993,0.22534,0.63542,5083.15724,262.4347,5413.08197,125.86018,7.03E-08,1.13E-08,2.72E-09,3.65E-10,1.74E-09,2.58E-10
19.92,21.85617,0.22522,0.63532,5079.02029,262.80646,5406.28767,125.68641,7.04E-08,1.17E-08,2.71E-09,3.74E-10,1.74E-09,2.63E-10
20,21.94239,0.2251,0.63523,5074.90453,263.17647,5399.54544,125.51358,7.04E-08,1.20E-08,2.71E-09,3.80E-10,1.73E-09,2.66E-10
20.08,22.02859,0.22498,0.63513,5070.80985,263.54474,5392.85476,125.34168,7.04E-08,1.22E-08,2.71E-09,3.83E-10,1.73E-09,2.68E-10
20.16,22.11479,0.22486,0.63504,5066.73612,263.91128,5386.21508,125.1707,7.05E-08,1.22E-08,2.71E-09,3.84E-10,1.73E-09,2.69E-10
20.24,22.20097,0.22474,0.63495,5062.68324,264.27609,5379.62586,125.00063,7.05E-08,1.21E-08,2.71E-09,3.83E-10,1.73E-09,2.68E-10
20.32,22.28713,0.22462,0.63486,5058.6511,264.63918,5373.08659,124.83148,7.05E-08,1.18E-08,2.71E-09,3.76E-10,1.73E-09,2.64E-10
20.4,22.37328,0.22451,0.63477,5054.63959,265.00054,5366.59674,124.66322,7.06E-08,1.12E-08,2.70E-09,3.62E-10,1.73E-09,2.56E-10
20.48,22.4594,0.22439,0.63469,5050.64859,265.36019,5360.1558,124.49585,7.06E-08,1.04E-08,2.70E-09,3.47E-10,1.72E-09,2.47E-10
20.56,22.54551,0.22428,0.6346,5046.678,265.71812,5353.76326,124.32936,7.06E-08,9.68E-09,2.70E-09,3.32E-10,1.72E-09,2.39E-10
20.64,22.6316,0.22416,0.63452,5042.7277,266.07435,5347.41862,124.16375,7.07E-08,8.89E-09,2.70E-09,3.17E-10,1.72E-09,2.31E-10
20.72,22.71769,0.22405,0.63444,5038.79758,266.42888,5341.12138,123.99901,7.07E-08,8.08E-09,2.70E-09,3.03E-10,1.72E-09,2.23E-10
20.8,22.80376,0.22394,0.63436,5034.88753,266.78171,5334.87106,123.83512,7.07E-08,7.28E-09,2.69E-09,2.91E-10,1.72E-09,2.16E-10
20.88,22.88982,0.22383,0.63428,5030.99744,267.13284,5328.66717,123.67209,7.08E-08,6.50E-09,2.69E-09,2.81E-10,1.71E-09,2.11E-10
20.96,22.97587,0.22372,0.63421,5027.12718,267.48229,5322.50923,123.50991,7.08E-08,5.80E-09,2.69E-09,2.73E-10,1.71E-09,2.07E-10
21.04,23.0619,0.22361,0.63413,5023.27666,267.83006,5316.39677,123.34856,7.08E-08,5.22E-09,2.69E-09,2.69E-10,1.71E-09,2.04E-10
21.12,23.14792,0.2235,0.63406,5019.44576,268.17614,5310.32932,123.18805,7.09E-08,4.84E-09,2.69E-09,2.68E-10,1.71E-09,2.04E-10
21.2,23.23393,0.22339,0.63399,5015.63437,268.52056,5304.30643,123.02836,7.09E-08,4.72E-09,2.69E-09,2.71E-10,1.71E-09,2.06E-10
21.28,23.31993,0.22329,0.63392,5011.84237,268.8633,5298.32763,122.86948,7.10E-08,4.91E-09,2.68E-09,2.78E-10,1.71E-09,2.10E-10
21.36,23.40592,0.22318,0.63385,5008.06965,269.20439,5292.39247,122.71142,7.10E-08,5.38E-09,2.68E-09,2.89E-10,1.70E-09,2.16E-10
21.44,23.49188,0.22308,0.63379,5004.3161,269.54381,5286.50051,122.55416,7.10E-08,6.07E-09,2.68E-09,3.04E-10,1.70E-09,2.24E-10
21.52,23.57783,0.22298,0.63372,5000.58161,269.88159,5280.65131,122.39769,7.11E-08,6.92E-09,2.68E-09,3.21E-10,1.70E-09,2.34E-10
21.6,23.66376,0.22285,0.63363,4996.86607,269.69229,5274.84443,122.24202,7.11E-08,7.07E-09,2.68E-09,3.25E-10,1.70E-09,2.35E-10
21.68,23.74968,0.22273,0.63354,4993.16936,269.40618,5269.07946,122.08712,7.11E-08,7.09E-09,2.68E-09,3.25E-10,1.70E-09,2.35E-10
21.76,23.83558,0.22261,0.63345,4989.49138,269.12068,5263.35595,121.93301,7.12E-08,7.10E-09,2.67E-09,3.25E-10,1.70E-09,2.35E-10
21.84,23.92148,0.22248,0.63336,4985.83201,268.83579,5257.67349,121.77966,7.12E-08,7.11E-09,2.67E-09,3.25E-10,1.70E-09,2.35E-10
21.92,24.00736,0.22236,0.63328,4982.19115,268.55153,5252.03168,121.62707,7.12E-08,7.13E-09,2.67E-09,3.25E-10,1.69E-09,2.35E-10
22,24.09323,0.22224,0.63319,4978.56868,268.26789,5246.43009,121.47524,7.13E-08,7.14E-09,2.67E-09,3.26E-10,1.69E-09,2.36E-10
22.08,24.17909,0.22212,0.63311,4974.96449,267.98488,5240.86833,121.32416,7.13E-08,7.16E-09,2.67E-09,3.26E-10,1.69E-09,2.36E-10
22.16,24.26494,0.222,0.63302,4971.37847,267.70248,5235.346,121.17383,7.13E-08,7.17E-09,2.67E-09,3.26E-10,1.69E-09,2.36E-10
22.24,24.35078,0.22188,0.63294,4967.81052,267.42071,5229.86269,121.02423,7.14E-08,7.18E-09,2.67E-09,3.26E-10,1.69E-09,2.36E-10
22.32,24.43661,0.22177,0.63286,4964.26052,267.13957,5224.41802,120.87536,7.14E-08,7.20E-09,2.66E-09,3.26E-10,1.69E-09,2.36E-10
22.4,24.52242,0.22165,0.63279,4960.72837,266.85905,5219.01161,120.72722,7.14E-08,7.21E-09,2.66E-09,3.27E-10,1.68E-09,2.36E-10
22.48,24.60823,0.22154,0.63271,4957.21395,266.57915,5213.64308,120.57979,7.15E-08,7.22E-09,2.66E-09,3.27E-10,1.68E-09,2.36E-10
22.56,24.69401,0.22142,0.63264,4953.71716,266.29988,5208.31204,120.43308,7.15E-08,7.24E-09,2.66E-09,3.27E-10,1.68E-09,2.36E-10
22.64,24.77977,0.22131,0.63256,4950.2379,266.02124,5203.01812,120.28708,7.15E-08,7.25E-09,2.66E-09,3.27E-10,1.68E-09,2.36E-10
22.72,24.86552,0.2212,0.63249,4946.77604,265.74322,5197.76096,120.14177,7.16E-08,7.26E-09,2.66E-09,3.27E-10,1.68E-09,2.36E-10
22.8,24.95126,0.22108,0.63242,4943.3315,265.46583,5192.5402,119.99716,7.16E-08,7.28E-09,2.65E-09,3.28E-10,1.68E-09,2.36E-10
22.88,25.03699,0.22097,0.63235,4939.90415,265.18907,5187.35547,119.85324,7.17E-08,7.29E-09,2.65E-09,3.28E-10,1.68E-09,2.36E-10
22.96,25.12271,0.22086,0.63229,4936.4939,264.91293,5182.20643,119.71001,7.17E-08,7.30E-09,2.65E-09,3.28E-10,1.67E-09,2.36E-10
23.04,25.20842,0.22075,0.63222,4933.10064,264.63742,5177.09271,119.56745,7.17E-08,7.32E-09,2.65E-09,3.28E-10,1.67E-09,2.36E-10
23.12,25.29412,0.22065,0.63216,4929.72427,264.36254,5172.01397,119.42556,7.18E-08,7.33E-09,2.65E-09,3.28E-10,1.67E-09,2.36E-10
23.2,25.37981,0.22054,0.6321,4926.36467,264.08828,5166.96988,119.28434,7.18E-08,7.34E-09,2.65E-09,3.28E-10,1.67E-09,2.36E-10
23.28,25.46548,0.22043,0.63204,4923.02174,263.81466,5161.96009,119.14378,7.18E-08,7.35E-09,2.65E-09,3.28E-10,1.67E-09,2.36E-10
23.36,25.55115,0.22033,0.63198,4919.69539,263.54166,5156.98427,119.00388,7.19E-08,7.37E-09,2.64E-09,3.29E-10,1.67E-09,2.36E-10
23.44,25.6368,0.22022,0.63192,4916.38551,263.26928,5152.04209,118.86462,7.19E-08,7.38E-09,2.64E-09,3.29E-10,1.67E-09,2.36E-10
23.52,25.72245,0.22012,0.63186,4913.09199,262.99753,5147.13323,118.72601,7.19E-08,7.40E-09,2.64E-09,3.29E-10,1.66E-09,2.36E-10
23.6,25.80808,0.22001,0.63181,4909.81473,262.72641,5142.25735,118.58804,7.20E-08,7.41E-09,2.64E-09,3.29E-10,1.66E-09,2.36E-10
23.68,25.89369,0.21991,0.63175,4906.55363,262.45592,5137.41414,118.4507,7.20E-08,7.42E-09,2.64E-09,3.29E-10,1.66E-09,2.36E-10
23.76,25.97929,0.21981,0.6317,4903.3086,262.18605,5132.60329,118.314,7.20E-08,7.44E-09,2.64E-09,3.29E-10,1.66E-09,2.36E-10
23.84,26.06488,0.21971,0.63165,4900.07952,261.9168,5127.82448,118.17791,7.21E-08,7.45E-09,2.64E-09,3.30E-10,1.66E-09,2.36E-10
23.92,26.15045,0.21961,0.63159,4896.8663,261.63331,5123.07741,118.04245,7.21E-08,7.47E-09,2.63E-09,3.30E-10,1.66E-09,2.36E-10
24,26.23602,0.2195,0.63154,4893.66884,261.3501,5118.36177,117.90759,7.21E-08,7.48E-09,2.63E-09,3.30E-10,1.66E-09,2.36E-10
24.08,26.32157,0.2194,0.63149,4890.48703,261.06757,5113.67726,117.77335,7.22E-08,7.49E-09,2.63E-09,3.30E-10,1.65E-09,2.36E-10
24.16,26.40712,0.2193,0.63144,4887.32079,260.78571,5109.02359,117.63971,7.22E-08,7.51E-09,2.63E-09,3.30E-10,1.65E-09,2.36E-10
24.24,26.49266,0.2192,0.63139,4884.17001,260.50451,5104.40046,117.50667,7.22E-08,7.52E-09,2.63E-09,3.30E-10,1.65E-09,2.36E-10
24.32,26.57818,0.2191,0.63135,4881.03459,260.22399,5099.80758,117.37422,7.23E-08,7.53E-09,2.63E-09,3.30E-10,1.65E-09,2.36E-10
24.4,26.6637,0.21901,0.6313,4877.91445,259.94413,5095.24466,117.24236,7.23E-08,7.55E-09,2.63E-09,3.31E-10,1.65E-09,2.36E-10
24.48,26.7492,0.21891,0.63126,4874.80947,259.66493,5090.71143,117.11109,7.24E-08,7.56E-09,2.63E-09,3.31E-10,1.65E-09,2.36E-10
24.56,26.8347,0.21881,0.63122,4871.71956,259.38641,5086.20759,116.98039,7.24E-08,7.57E-09,2.62E-09,3.31E-10,1.65E-09,2.36E-10
24.64,26.92019,0.21872,0.63117,4868.64464,259.10855,5081.73288,116.85027,7.24E-08,7.59E-09,2.62E-09,3.31E-10,1.65E-09,2.36E-10
24.72,27.00566,0.21862,0.63113,4865.5846,258.83135,5077.28702,116.72072,7.25E-08,7.60E-09,2.62E-09,3.31E-10,1.64E-09,2.36E-10
24.8,27.09113,0.21853,0.6311,4862.53935,258.55481,5072.86974,116.59174,7.25E-08,7.61E-09,2.62E-09,3.31E-10,1.64E-09,2.36E-10
24.88,27.17657,0.21843,0.63106,4859.50879,258.27894,5068.48077,116.46332,7.25E-08,7.63E-09,2.62E-09,3.32E-10,1.64E-09,2.36E-10
24.96,27.262,0.21834,0.63102,4856.49284,258.00373,5064.11985,116.33545,7.26E-08,7.64E-09,2.62E-09,3.32E-10,1.64E-09,2.36E-10
25.04,27.34742,0.21825,0.63099,4853.4914,257.72917,5059.78671,116.20814,7.26E-08,7.65E-09,2.62E-09,3.32E-10,1.64E-09,2.36E-10
25.12,27.43283,0.21816,0.63095,4850.50437,257.45528,5055.4811,116.08137,7.26E-08,7.67E-09,2.61E-09,3.32E-10,1.64E-09,2.36E-10
25.2,27.51824,0.21806,0.63092,4847.53167,257.18204,5051.20276,115.95515,7.27E-08,7.68E-09,2.61E-09,3.32E-10,1.64E-09,2.36E-10
25.28,27.60363,0.21797,0.63089,4844.5732,256.90946,5046.95145,115.82947,7.27E-08,7.69E-09,2.61E-09,3.32E-10,1.64E-09,2.36E-10
25.36,27.68902,0.21789,0.63086,4841.62887,256.63754,5042.7269,115.70432,7.27E-08,7.70E-09,2.61E-09,3.33E-10,1.63E-09,2.36E-10
25.44,27.77439,0.2178,0.63083,4838.6986,256.36627,5038.52888,115.5797,7.28E-08,7.72E-09,2.61E-09,3.33E-10,1.63E-09,2.36E-10
25.52,27.85976,0.21771,0.6308,4835.7823,256.09565,5034.35714,115.45561,7.28E-08,7.73E-09,2.61E-09,3.33E-10,1.63E-09,2.36E-10
25.6,27.94512,0.21762,0.63077,4832.87987,255.82568,5030.21143,115.33204,7.28E-08,7.74E-09,2.61E-09,3.33E-10,1.63E-09,2.36E-10
25.68,28.03047,0.21754,0.63075,4829.99122,255.55637,5026.09153,115.20899,7.29E-08,7.76E-09,2.61E-09,3.33E-10,1.63E-09,2.36E-10
25.76,28.11581,0.21745,0.63072,4827.11627,255.2877,5021.99719,115.08646,7.29E-08,7.77E-09,2.61E-09,3.33E-10,1.63E-09,2.36E-10
25.84,28.20111,0.21736,0.6307,4824.25494,255.01968,5017.92818,114.96443,7.29E-08,7.78E-09,2.60E-09,3.34E-10,1.63E-09,2.36E-10
25.92,28.28637,0.21728,0.63068,4821.40713,254.75231,5013.88428,114.84291,7.30E-08,7.79E-09,2.60E-09,3.34E-10,1.63E-09,2.36E-10
26,28.37158,0.2172,0.63066,4818.57276,254.48558,5009.86524,114.7219,7.30E-08,7.81E-09,2.60E-09,3.34E-10,1.62E-09,2.36E-10
26.08,28.45675,0.21711,0.63064,4815.75174,254.21949,5005.87085,114.60138,7.30E-08,7.82E-09,2.60E-09,3.34E-10,1.62E-09,2.36E-10
26.16,28.53885,0.21703,0.63062,4812.94399,253.95405,5001.90089,114.48136,7.31E-08,7.83E-09,2.60E-09,3.34E-10,1.62E-09,2.36E-10
26.24,28.62414,0.21695,0.6306,4810.14942,253.68925,4997.95513,114.36182,7.31E-08,7.63E-09,2.60E-09,3.30E-10,1.62E-09,2.34E-10
26.32,28.70943,0.21687,0.63058,4807.36795,253.42509,4994.03337,114.24278,7.32E-08,7.26E-09,2.60E-09,3.23E-10,1.62E-09,2.30E-10
26.4,28.79473,0.21679,0.63057,4804.59949,253.16156,4990.13537,114.12422,7.32E-08,6.93E-09,2.60E-09,3.16E-10,1.62E-09,2.26E-10
26.48,28.88002,0.21671,0.63055,4801.84397,252.89867,4986.26094,114.00614,7.32E-08,6.66E-09,2.59E-09,3.10E-10,1.62E-09,2.23E-10
26.56,28.96531,0.21663,0.63053,4799.1013,252.69178,4982.40985,113.88853,7.33E-08,6.46E-09,2.59E-09,3.05E-10,1.62E-09,2.20E-10
26.64,29.05061,0.21655,0.6305,4796.3714,252.59844,4978.58191,113.7714,7.33E-08,6.34E-09,2.59E-09,3.01E-10,1.62E-09,2.18E-10
26.72,29.1359,0.21647,0.63047,4793.65418,252.50515,4974.77691,113.65473,7.33E-08,6.30E-09,2.59E-09,2.99E-10,1.61E-09,2.17E-10
26.8,29.22119,0.21639,0.63043,4790.94957,252.41191,4970.99464,113.53853,7.34E-08,6.35E-09,2.59E-09,2.97E-10,1.61E-09,2.16E-10
26.88,29.30649,0.21632,0.63041,4788.25749,252.31871,4967.2349,113.42279,7.34E-08,6.49E-09,2.59E-09,2.97E-10,1.61E-09,2.16E-10
26.96,29.39178,0.21624,0.63038,4785.57785,252.22557,4963.49749,113.30751,7.34E-08,6.71E-09,2.59E-09,2.98E-10,1.61E-09,2.16E-10
27.04,29.47707,0.21617,0.63035,4782.91059,252.13247,4959.78222,113.19269,7.35E-08,7.02E-09,2.59E-09,3.00E-10,1.61E-09,2.17E-10
27.12,29.56237,0.21609,0.63032,4780.25561,252.03942,4956.08889,113.07831,7.35E-08,7.40E-09,2.59E-09,3.04E-10,1.61E-09,2.19E-10
27.2,29.64766,0.21602,0.6303,4777.61284,251.94642,4952.41731,112.96439,7.35E-08,7.84E-09,2.58E-09,3.08E-10,1.61E-09,2.22E-10
27.28,29.73295,0.21594,0.63027,4774.9822,251.85347,4948.76729,112.85091,7.36E-08,8.34E-09,2.58E-09,3.14E-10,1.61E-09,2.25E-10
27.36,29.81825,0.21587,0.63025,4772.36363,251.76058,4945.13864,112.73787,7.36E-08,8.90E-09,2.58E-09,3.21E-10,1.61E-09,2.29E-10
27.44,29.90354,0.2158,0.63023,4769.75703,251.66773,4941.53118,112.62526,7.36E-08,9.50E-09,2.58E-09,3.29E-10,1.60E-09,2.33E-10
27.52,29.98883,0.21573,0.63021,4767.16233,251.57494,4937.94472,112.5131,7.37E-08,1.01E-08,2.58E-09,3.39E-10,1.60E-09,2.38E-10
27.6,30.07413,0.21566,0.63019,4764.57947,251.48219,4934.37908,112.40136,7.37E-08,1.08E-08,2.58E-09,3.49E-10,1.60E-09,2.44E-10
27.68,30.15942,0.21559,0.63017,4762.00836,251.3895,4930.83407,112.29005,7.37E-08,1.15E-08,2.58E-09,3.60E-10,1.60E-09,2.50E-10
27.76,30.24471,0.21552,0.63015,4759.44893,251.29687,4927.30953,112.17917,7.38E-08,1.22E-08,2.58E-09,3.73E-10,1.60E-09,2.57E-10
27.84,30.33,0.21545,0.63013,4756.9011,251.20428,4923.80527,112.06871,7.38E-08,1.30E-08,2.58E-09,3.86E-10,1.60E-09,2.64E-10
27.92,30.4153,0.21538,0.63012,4754.36481,251.11175,4920.32113,111.95867,7.38E-08,1.38E-08,2.58E-09,4.00E-10,1.60E-09,2.72E-10
28,30.50059,0.21531,0.6301,4751.83997,251.01927,4916.85692,111.84904,7.39E-08,1.46E-08,2.57E-09,4.15E-10,1.60E-09,2.80E-10
28.08,30.58588,0.21524,0.63009,4749.32652,250.92685,4913.41248,111.73983,7.39E-08,1.54E-08,2.57E-09,4.31E-10,1.60E-09,2.89E-10
28.16,30.67118,0.21517,0.63007,4746.82439,250.83448,4909.98764,111.63103,7.39E-08,1.63E-08,2.57E-09,4.47E-10,1.59E-09,2.99E-10
28.24,30.75647,0.21511,0.63006,4744.3335,250.74217,4906.58223,111.52263,7.40E-08,1.71E-08,2.57E-09,4.64E-10,1.59E-09,3.08E-10
28.32,30.84176,0.21504,0.63005,4741.85378,250.64991,4903.19609,111.41464,7.40E-08,1.80E-08,2.57E-09,4.82E-10,1.59E-09,3.19E-10
28.4,30.92706,0.21498,0.63004,4739.38517,250.55771,4899.82906,111.30705,7.40E-08,1.89E-08,2.57E-09,5.00E-10,1.59E-09,3.29E-10
28.48,31.01235,0.21491,0.63003,4736.92759,250.46556,4896.48097,111.19986,7.41E-08,1.98E-08,2.57E-09,5.19E-10,1.59E-09,3.40E-10
28.56,31.09764,0.21485,0.63002,4734.48097,250.37347,4893.15166,111.09306,7.41E-08,2.07E-08,2.57E-09,5.39E-10,1.59E-09,3.52E-10
28.64,31.18294,0.21478,0.63002,4732.04525,250.28143,4889.84098,110.98665,7.41E-08,2.17E-08,2.57E-09,5.59E-10,1.59E-09,3.64E-10
28.72,31.26823,0.21472,0.63001,4729.62035,250.18945,4886.54877,110.88064,7.42E-08,2.24E-08,2.57E-09,5.73E-10,1.59E-09,3.72E-10
28.8,31.35352,0.21466,0.63,4727.20621,250.09753,4883.27488,110.77501,7.42E-08,2.30E-08,2.56E-09,5.86E-10,1.59E-09,3.79E-10
28.88,31.43882,0.21459,0.63,4724.80277,250.00567,4880.01914,110.66976,7.43E-08,2.36E-08,2.56E-09,5.98E-10,1.59E-09,3.87E-10
28.96,31.52411,0.21453,0.63,4722.40994,249.91386,4876.78142,110.5649,7.43E-08,2.43E-08,2.56E-09,6.12E-10,1.58E-09,3.94E-10
29.04,31.6094,0.21447,0.62999,4720.02768,249.82211,4873.56156,110.46042,7.43E-08,2.49E-08,2.56E-09,6.26E-10,1.58E-09,4.03E-10
29.12,31.6947,0.21441,0.62999,4717.6559,249.73042,4870.35941,110.35631,7.44E-08,2.56E-08,2.56E-09,6.40E-10,1.58E-09,4.11E-10
29.2,31.77999,0.21435,0.62999,4715.29455,249.63879,4867.17483,110.25257,7.44E-08,2.63E-08,2.56E-09,6.55E-10,1.58E-09,4.20E-10
29.28,31.86528,0.21429,0.62999,4712.94356,249.54722,4864.00767,110.14921,7.44E-08,2.70E-08,2.56E-09,6.70E-10,1.58E-09,4.29E-10
29.36,31.95058,0.21423,0.62999,4710.60287,249.4557,4860.85778,110.04621,7.45E-08,2.78E-08,2.56E-09,6.86E-10,1.58E-09,4.38E-10
29.44,32.03587,0.21417,0.62999,4708.27241,249.36425,4857.72504,109.94358,7.45E-08,2.85E-08,2.56E-09,7.02E-10,1.58E-09,4.48E-10
29.52,32.12116,0.21411,0.63,4705.95212,249.27285,4854.60929,109.84131,7.45E-08,2.93E-08,2.56E-09,7.19E-10,1.58E-09,4.58E-10
29.6,32.20646,0.21406,0.63,4703.64193,249.18151,4851.51039,109.7394,7.46E-08,3.01E-08,2.56E-09,7.36E-10,1.58E-09,4.68E-10
29.68,32.29175,0.2139,0.6297,4701.34179,249.21196,4847.46999,109.69143,7.46E-08,3.11E-08,2.55E-09,7.59E-10,1.58E-09,4.82E-10
29.76,32.37704,0.21373,0.62937,4698.96519,249.19208,4843.46338,109.64406,7.46E-08,3.22E-08,2.55E-09,7.83E-10,1.57E-09,4.96E-10
29.84,32.46234,0.21356,0.62903,4696.52433,249.10291,4839.48917,109.59727,7.46E-08,3.33E-08,2.55E-09,8.07E-10,1.57E-09,5.10E-10
29.92,32.54763,0.21338,0.62868,4694.02979,249.01195,4835.54614,109.55103,7.45E-08,3.44E-08,2.55E-09,8.33E-10,1.57E-09,5.25E-10
30,32.63292,0.21321,0.62832,4691.49066,248.91949,4831.63319,109.50531,7.45E-08,3.56E-08,2.54E-09,8.58E-10,1.57E-09,5.41E-10
